DrugA,DrugB,SMILES_A,SMILES_B,LD50_A_mg/kg,LD50_B_mg/kg,Mixture_LD50_mg/kg,MW_A,MW_B,LD50_A_neglog,LD50_B_neglog,Mixture_neglog
Acetone,Acetonitrile,CC(=O)C,CC#N,8760.6,6500.219999999999,2055.6535,58.08,41.053,0.8214927563452248,0.8004168436427894,1.3822383414797206
Acetone,Acetophenone,CC(=O)C,CC(=O)c1ccccc1,8760.6,2549.44,3091.1650000000004,58.08,120.15099999999995,0.8214927563452248,1.673282594241833,1.4598310607095915
Acetone,Acrylonitrile,CC(=O)C,C=CC#N,8760.6,112.84000000000002,187.73800000000003,58.08,53.06399999999999,0.8214927563452248,2.6723369068069913,2.471303840088811
Acetone,Aniline,CC(=O)C,Nc1ccccc1,8760.6,725.6199999999999,1386.8725,58.08,93.12899999999999,0.8214927563452248,2.1083756950975885,1.7365111088837282
Acetone,Butyl Cellosolve,CC(=O)C,CCCCOCCO,8760.6,2146.76,3064.4355,58.08,118.17599999999999,0.8214927563452248,1.740745791372431,1.4587634294529521
Acetone,Butyl ether,CC(=O)C,CCCCOCCCC,8760.6,10390.4,9994.9225,58.08,130.231,0.8214927563452248,1.0980821084263572,0.9740662629992883
Acetone,Carbon tetrachloride,CC(=O)C,ClC(Cl)(Cl)Cl,8760.6,4909.52,4486.794,58.08,153.823,0.8214927563452248,1.4959822435581474,1.3731709791416162
Acetone,Diethanolamine,CC(=O)C,OCCNCCO,8760.6,877.6,1433.143,58.08,105.137,0.8214927563452248,2.07845896604771,1.7554458686430583
Acetone,Dioxane,CC(=O)C,C1COCCO1,8760.6,6683.509999999999,6418.449,58.08,88.106,0.8214927563452248,1.1200008825933447,1.0564456925428976
Acetone,Ethyl acetate,CC(=O)C,CCOC(=O)C,8760.6,9831.8,10222.376499999998,58.08,88.106,0.8214927563452248,0.9523724492991003,0.8543239148606132
Acetone,Ethyl acrylate,CC(=O)C,CCOC(=O)C=C,8760.6,761.1099999999999,1217.781,58.08,100.11699999999999,0.8214927563452248,2.1190603994765276,1.8125990539023682
Acetone,Ethyl alcohol,CC(=O)C,CCO,8760.6,15543.3,13039.016,58.08,46.069,0.8214927563452248,0.4718655559401559,0.6013802904610945
Acetone,Ethylene glycol,CC(=O)C,OCCO,8760.6,7189.9800000000005,17257.565,58.08,62.068000000000005,0.8214927563452248,0.9361400691300721,0.5417070323928865
Acetone,Formalin,CC(=O)C,C=O,8760.6,2016.5,1644.375,58.08,30.026,0.8214927563452248,1.1728992539194776,1.4279746236879063
Acetone,Isophorone,CC(=O)C,CC1=CC(=O)CC(C)(C)C1,8760.6,2104.44,1995.7980000000005,58.08,138.20999999999998,0.8214927563452248,1.8174029189459762,1.6917515962728118
Acetone,Morpholine,CC(=O)C,C1COCCN1,8760.6,1631.34,3291.9039999999995,58.08,87.122,0.8214927563452248,1.7275833515664596,1.343495441044638
Acetone,Nitrobenzene,CC(=O)C,[O-][N+](=O)c1ccccc1,8760.6,599.5,645.792,58.08,123.11099999999996,0.8214927563452248,2.3125076715555126,2.1470139655007476
Acetone,Phenyl Cellosolve,CC(=O)C,c1ccccc1OCCO,8760.6,3614.56,7359.3,58.08,138.166,0.8214927563452248,1.582345746423963,1.1249343106096155
Acetone,PEG 400,CC(=O)C,OCCOCCOCCOCCOCCOCCOCCOCCO,8760.6,45232.8,16869.790499999996,58.08,370.4390000000002,0.8214927563452248,0.9132632308859374,1.1038303978277764
Acetone,Propylene glycol,CC(=O)C,CC(O)CO,8760.6,45894.8,18446.730000000003,58.08,76.095,0.8214927563452248,0.21959263974080165,0.5607222171398913
Acetone,Propylene oxide,CC(=O)C,CC1CO1,8760.6,627.07,2559.708,58.08,58.08,0.8214927563452248,1.9667105837403391,1.3558361819198854
Acetone,Tergitol XD,CC(=O)C,CCCCCCCCCCCCCOCCOCCOCCO,8760.6,5999.6,8347.702500000001,58.08,332.5250000000001,0.8214927563452248,1.7437020056790038,1.3691408395331632
Acetone,Tetrachloroethylene,CC(=O)C,ClC(Cl)=C(Cl)Cl,8760.6,12976.0,6129.4255,58.08,165.834,0.8214927563452248,1.1065327393989566,1.2616314818069907
Acetone,Toluene,CC(=O)C,Cc1ccccc1,8760.6,6762.6,5702.704000000001,58.08,92.14099999999999,0.8214927563452248,1.1343392211439922,1.11961982299938
Acetone,Ucon 50HB260,CC(=O)C,CC(C)OCC(C)OCC(C)O,8760.6,5596.500000000001,13238.6075,58.08,176.256,0.8214927563452248,1.4982274018082817,0.946966710455745
Acetone,Ucon LB250,CC(=O)C,CC(C)OCC(C)OCC(C)O,8760.6,10605.0,18356.4225,58.08,176.256,0.8214927563452248,1.2206332370522115,0.8050209717303334
Acetonitrile,Acetophenone,CC#N,CC(=O)c1ccccc1,6500.219999999999,2549.44,1045.771,41.053,120.15099999999995,0.8004168436427894,1.673282594241833,1.886909223854607
Acetonitrile,Acrylonitrile,CC#N,C=CC#N,6500.219999999999,112.84000000000002,187.06,41.053,53.06399999999999,0.8004168436427894,2.6723369068069913,2.4006571498194376
Acetonitrile,Aniline,CC#N,Nc1ccccc1,6500.219999999999,725.6199999999999,1459.056,41.053,93.12899999999999,0.8004168436427894,2.1083756950975885,1.6625923042779105
Acetonitrile,Butyl Cellosolve,CC#N,CCCCOCCO,6500.219999999999,2146.76,2943.028,41.053,118.17599999999999,0.8004168436427894,1.740745791372431,1.4321977779634163
Acetonitrile,Butyl ether,CC#N,CCCCOCCCC,6500.219999999999,10390.4,7971.650000000001,41.053,130.231,0.8004168436427894,1.0980821084263572,1.0311385783405198
Acetonitrile,Carbon tetrachloride,CC#N,ClC(Cl)(Cl)Cl,6500.219999999999,4909.52,8345.47,41.053,153.823,0.8004168436427894,1.4959822435581474,1.0672775608156517
Acetonitrile,Diethanolamine,CC#N,OCCNCCO,6500.219999999999,877.6,1855.6965,41.053,105.137,0.8004168436427894,2.07845896604771,1.595380721804849
Acetonitrile,Dioxane,CC#N,C1COCCO1,6500.219999999999,6683.509999999999,2096.3975,41.053,88.106,0.8004168436427894,1.1200008825933447,1.488621045089551
Acetonitrile,Ethyl acetate,CC#N,CCOC(=O)C,6500.219999999999,9831.8,11847.228,41.053,88.106,0.8004168436427894,0.9523724492991003,0.7364779316772225
Acetonitrile,Ethyl acrylate,CC#N,CCOC(=O)C=C,6500.219999999999,761.1099999999999,1223.6055,41.053,100.11699999999999,0.8004168436427894,2.1190603994765276,1.7610709986165776
Acetonitrile,Ethyl alcohol,CC#N,CCO,6500.219999999999,15543.3,10792.687500000002,41.053,46.069,0.8004168436427894,0.4718655559401559,0.605968238661572
Acetonitrile,Ethylene glycol,CC#N,OCCO,6500.219999999999,7189.9800000000005,8009.0325,41.053,62.068000000000005,0.8004168436427894,0.9361400691300721,0.8087370642073912
Acetonitrile,Formalin,CC#N,C=O,6500.219999999999,2016.5,1942.598,41.053,30.026,0.8004168436427894,1.1728992539194776,1.2623283762145359
Acetonitrile,Isophorone,CC#N,CC1=CC(=O)CC(C)(C)C1,6500.219999999999,2104.44,2349.875,41.053,138.20999999999998,0.8004168436427894,1.8174029189459762,1.5814159035966175
Acetonitrile,Morpholine,CC#N,C1COCCN1,6500.219999999999,1631.34,2529.923,41.053,87.122,0.8004168436427894,1.7275833515664596,1.403666027131925
Acetonitrile,Nitrobenzene,CC#N,[O-][N+](=O)c1ccccc1,6500.219999999999,599.5,1100.6825,41.053,123.11099999999996,0.8004168436427894,2.3125076715555126,1.8725858682787226
Acetonitrile,Phenyl Cellosolve,CC#N,c1ccccc1OCCO,6500.219999999999,3614.56,5912.272000000001,41.053,138.166,0.8004168436427894,1.582345746423963,1.180599648069791
Acetonitrile,PEG 400,CC#N,OCCOCCOCCOCCOCCOCCOCCOCCO,6500.219999999999,45232.8,5781.237,41.053,370.4390000000002,0.8004168436427894,0.9132632308859374,1.5513106271468233
Acetonitrile,Propylene glycol,CC#N,CC(O)CO,6500.219999999999,45894.8,23086.562,41.053,76.095,0.8004168436427894,0.21959263974080165,0.40434561932007196
Acetonitrile,Propylene oxide,CC#N,CC1CO1,6500.219999999999,627.07,716.3975,41.053,58.08,0.8004168436427894,1.9667105837403391,1.8400341918659184
Acetonitrile,Tergitol XD,CC#N,CCCCCCCCCCCCCOCCOCCOCCO,6500.219999999999,5999.6,3070.821,41.053,332.5250000000001,0.8004168436427894,1.7437020056790038,1.7840967951601328
Acetonitrile,Tetrachloroethylene,CC#N,ClC(Cl)=C(Cl)Cl,6500.219999999999,12976.0,4201.960000000001,41.053,165.834,0.8004168436427894,1.1065327393989566,1.391251292548306
Acetonitrile,Toluene,CC#N,Cc1ccccc1,6500.219999999999,6762.6,3835.7865,41.053,92.14099999999999,0.8004168436427894,1.1343392211439922,1.2396002395886876
Acetonitrile,Ucon 50HB260,CC#N,CC(C)OCC(C)OCC(C)O,6500.219999999999,5596.500000000001,5313.384,41.053,176.256,0.8004168436427894,1.4982274018082817,1.310676513982053
Acetonitrile,Ucon LB250,CC#N,CC(C)OCC(C)OCC(C)O,6500.219999999999,10605.0,7454.16,41.053,176.256,0.8004168436427894,1.2206332370522115,1.1636490071878776
Acetophenone,Acrylonitrile,CC(=O)c1ccccc1,C=CC#N,2549.44,112.84000000000002,496.0970000000001,120.15099999999995,53.06399999999999,1.673282594241833,2.6723369068069913,2.24198890172086
Acetophenone,Aniline,CC(=O)c1ccccc1,Nc1ccccc1,2549.44,725.6199999999999,1489.325,120.15099999999995,93.12899999999999,1.673282594241833,2.1083756950975885,1.854930656716008
Acetophenone,Butyl Cellosolve,CC(=O)c1ccccc1,CCCCOCCO,2549.44,2146.76,1572.95,120.15099999999995,118.17599999999999,1.673282594241833,1.740745791372431,1.87942833282382
Acetophenone,Butyl ether,CC(=O)c1ccccc1,CCCCOCCCC,2549.44,10390.4,2913.792,120.15099999999995,130.231,1.673282594241833,1.0980821084263572,1.6331145619162095
Acetophenone,Carbon tetrachloride,CC(=O)c1ccccc1,ClC(Cl)(Cl)Cl,2549.44,4909.52,1623.0179999999998,120.15099999999995,153.823,1.673282594241833,1.4959822435581474,1.9263560184015702
Acetophenone,Diethanolamine,CC(=O)c1ccccc1,OCCNCCO,2549.44,877.6,2216.3749999999995,120.15099999999995,105.137,1.673282594241833,2.07845896604771,1.7060648211006193
Acetophenone,Dioxane,CC(=O)c1ccccc1,C1COCCO1,2549.44,6683.509999999999,3486.1815,120.15099999999995,88.106,1.673282594241833,1.1200008825933447,1.4752196184001358
Acetophenone,Ethyl acetate,CC(=O)c1ccccc1,CCOC(=O)C,2549.44,9831.8,2727.0900000000006,120.15099999999995,88.106,1.673282594241833,0.9523724492991003,1.5818701414470155
Acetophenone,Ethyl acrylate,CC(=O)c1ccccc1,CCOC(=O)C=C,2549.44,761.1099999999999,1422.7675000000002,120.15099999999995,100.11699999999999,1.673282594241833,2.1190603994765276,1.8887874766988912
Acetophenone,Ethyl alcohol,CC(=O)c1ccccc1,CCO,2549.44,15543.3,2549.251,120.15099999999995,46.069,1.673282594241833,0.4718655559401559,1.5132406839739698
Acetophenone,Ethylene glycol,CC(=O)c1ccccc1,OCCO,2549.44,7189.9800000000005,4918.9475,120.15099999999995,62.068000000000005,1.673282594241833,0.9361400691300721,1.267691475926359
Acetophenone,Formalin,CC(=O)c1ccccc1,C=O,2549.44,2016.5,1044.1740000000002,120.15099999999995,30.026,1.673282594241833,1.1728992539194776,1.8568005537134742
Acetophenone,Isophorone,CC(=O)c1ccccc1,CC1=CC(=O)CC(C)(C)C1,2549.44,2104.44,4543.879000000001,120.15099999999995,138.20999999999998,1.673282594241833,1.8174029189459762,1.4537702032410897
Acetophenone,Morpholine,CC(=O)c1ccccc1,C1COCCN1,2549.44,1631.34,1973.95,120.15099999999995,87.122,1.673282594241833,1.7275833515664596,1.7201765897904957
Acetophenone,Nitrobenzene,CC(=O)c1ccccc1,[O-][N+](=O)c1ccccc1,2549.44,599.5,945.3615,120.15099999999995,123.11099999999996,1.673282594241833,2.3125076715555126,2.10944636573327
Acetophenone,Phenyl Cellosolve,CC(=O)c1ccccc1,c1ccccc1OCCO,2549.44,3614.56,4557.134999999999,120.15099999999995,138.166,1.673282594241833,1.582345746423963,1.4524310983770383
Acetophenone,PEG 400,CC(=O)c1ccccc1,OCCOCCOCCOCCOCCOCCOCCOCCO,2549.44,45232.8,8121.651999999999,120.15099999999995,370.4390000000002,1.673282594241833,0.9132632308859374,1.4800443190850718
Acetophenone,Propylene glycol,CC(=O)c1ccccc1,CC(O)CO,2549.44,45894.8,8503.68,120.15099999999995,76.095,1.673282594241833,0.21959263974080165,1.0621639088127377
Acetophenone,Propylene oxide,CC(=O)c1ccccc1,CC1CO1,2549.44,627.07,2128.536,120.15099999999995,58.08,1.673282594241833,1.9667105837403391,1.621872248321362
Acetophenone,Tergitol XD,CC(=O)c1ccccc1,CCCCCCCCCCCCCOCCOCCOCCO,2549.44,5999.6,4138.416,120.15099999999995,332.5250000000001,1.673282594241833,1.7437020056790038,1.7379233295144447
Acetophenone,Tetrachloroethylene,CC(=O)c1ccccc1,ClC(Cl)=C(Cl)Cl,2549.44,12976.0,1529.05,120.15099999999995,165.834,1.673282594241833,1.1065327393989566,1.9708915720925675
Acetophenone,Toluene,CC(=O)c1ccccc1,Cc1ccccc1,2549.44,6762.6,1937.6375,120.15099999999995,92.14099999999999,1.673282594241833,1.1343392211439922,1.738631101897642
Acetophenone,Ucon 50HB260,CC(=O)c1ccccc1,CC(C)OCC(C)OCC(C)O,2549.44,5596.500000000001,5582.5470000000005,120.15099999999995,176.256,1.673282594241833,1.4982274018082817,1.4240260720136448
Acetophenone,Ucon LB250,CC(=O)c1ccccc1,CC(C)OCC(C)OCC(C)O,2549.44,10605.0,9194.111,120.15099999999995,176.256,1.673282594241833,1.2206332370522115,1.207348717480012
Acrylonitrile,Aniline,C=CC#N,Nc1ccccc1,112.84000000000002,725.6199999999999,288.824,53.06399999999999,93.12899999999999,2.6723369068069913,2.1083756950975885,2.4032633042543656
Acrylonitrile,Butyl Cellosolve,C=CC#N,CCCCOCCO,112.84000000000002,2146.76,201.544,53.06399999999999,118.17599999999999,2.6723369068069913,1.740745791372431,2.628205349839179
Acrylonitrile,Butyl ether,C=CC#N,CCCCOCCCC,112.84000000000002,10390.4,271.61,53.06399999999999,130.231,2.6723369068069913,1.0980821084263572,2.528174867049751
Acrylonitrile,Carbon tetrachloride,C=CC#N,ClC(Cl)(Cl)Cl,112.84000000000002,4909.52,286.80000000000007,53.06399999999999,153.823,2.6723369068069913,1.4959822435581474,2.557124059433529
Acrylonitrile,Diethanolamine,C=CC#N,OCCNCCO,112.84000000000002,877.6,985.754,53.06399999999999,105.137,2.6723369068069913,2.07845896604771,1.9044106806810317
Acrylonitrile,Dioxane,C=CC#N,C1COCCO1,112.84000000000002,6683.509999999999,344.81249999999994,53.06399999999999,88.106,2.6723369068069913,1.1200008825933447,2.311129417747608
Acrylonitrile,Ethyl acetate,C=CC#N,CCOC(=O)C,112.84000000000002,9831.8,186.17200000000005,53.06399999999999,88.106,2.6723369068069913,0.9523724492991003,2.578798054755813
Acrylonitrile,Ethyl acrylate,C=CC#N,CCOC(=O)C=C,112.84000000000002,761.1099999999999,240.3585,53.06399999999999,100.11699999999999,2.6723369068069913,2.1190603994765276,2.5033154196475205
Acrylonitrile,Ethyl alcohol,C=CC#N,CCO,112.84000000000002,15543.3,221.70500000000004,53.06399999999999,46.069,2.6723369068069913,0.4718655559401559,2.3494127658482986
Acrylonitrile,Ethylene glycol,C=CC#N,OCCO,112.84000000000002,7189.9800000000005,243.713,53.06399999999999,62.068000000000005,2.6723369068069913,0.9361400691300721,2.3732873576601703
Acrylonitrile,Formalin,C=CC#N,C=O,112.84000000000002,2016.5,448.404,53.06399999999999,30.026,2.6723369068069913,1.1728992539194776,1.966849285228989
Acrylonitrile,Isophorone,C=CC#N,CC1=CC(=O)CC(C)(C)C1,112.84000000000002,2104.44,219.58300000000003,53.06399999999999,138.20999999999998,2.6723369068069913,1.8174029189459762,2.6390272302121813
Acrylonitrile,Morpholine,C=CC#N,C1COCCN1,112.84000000000002,1631.34,519.4245,53.06399999999999,87.122,2.6723369068069913,1.7275833515664596,2.130152217907689
Acrylonitrile,Nitrobenzene,C=CC#N,[O-][N+](=O)c1ccccc1,112.84000000000002,599.5,267.6675,53.06399999999999,123.11099999999996,2.6723369068069913,2.3125076715555126,2.5173186418485294
Acrylonitrile,Phenyl Cellosolve,C=CC#N,c1ccccc1OCCO,112.84000000000002,3614.56,237.546,53.06399999999999,138.166,2.6723369068069913,1.582345746423963,2.6047783075705544
Acrylonitrile,PEG 400,C=CC#N,OCCOCCOCCOCCOCCOCCOCCOCCO,112.84000000000002,45232.8,306.539,53.06399999999999,370.4390000000002,2.6723369068069913,0.9132632308859374,2.8393407591573188
Acrylonitrile,Propylene glycol,C=CC#N,CC(O)CO,112.84000000000002,45894.8,338.007,53.06399999999999,76.095,2.6723369068069913,0.21959263974080165,2.281168983765782
Acrylonitrile,Propylene oxide,C=CC#N,CC1CO1,112.84000000000002,627.07,391.275,53.06399999999999,58.08,2.6723369068069913,1.9667105837403391,2.152373926927443
Acrylonitrile,Tergitol XD,C=CC#N,CCCCCCCCCCCCCOCCOCCOCCO,112.84000000000002,5999.6,163.275,53.06399999999999,332.5250000000001,2.6723369068069913,1.7437020056790038,3.0721749478512317
Acrylonitrile,Tetrachloroethylene,C=CC#N,ClC(Cl)=C(Cl)Cl,112.84000000000002,12976.0,227.018,53.06399999999999,165.834,2.6723369068069913,1.1065327393989566,2.6831515046385745
Acrylonitrile,Toluene,C=CC#N,Cc1ccccc1,112.84000000000002,6762.6,163.954,53.06399999999999,92.14099999999999,2.6723369068069913,1.1343392211439922,2.6462295588318625
Acrylonitrile,Ucon 50HB260,C=CC#N,CC(C)OCC(C)OCC(C)O,112.84000000000002,5596.500000000001,263.552,53.06399999999999,176.256,2.6723369068069913,1.4982274018082817,2.638545621172757
Acrylonitrile,Ucon LB250,C=CC#N,CC(C)OCC(C)OCC(C)O,112.84000000000002,10605.0,256.12800000000004,53.06399999999999,176.256,2.6723369068069913,1.2206332370522115,2.6509548791545767
Aniline,Butyl Cellosolve,Nc1ccccc1,CCCCOCCO,725.6199999999999,2146.76,1502.644,93.12899999999999,118.17599999999999,2.1083756950975885,1.740745791372431,1.8470236764146237
Aniline,Butyl ether,Nc1ccccc1,CCCCOCCCC,725.6199999999999,10390.4,1242.1630000000002,93.12899999999999,130.231,2.1083756950975885,1.0980821084263572,1.953796816398493
Aniline,Carbon tetrachloride,Nc1ccccc1,ClC(Cl)(Cl)Cl,725.6199999999999,4909.52,1479.3480000000002,93.12899999999999,153.823,2.1083756950975885,1.4959822435581474,1.9215122031721459
Aniline,Diethanolamine,Nc1ccccc1,OCCNCCO,725.6199999999999,877.6,1189.8185,93.12899999999999,105.137,2.1083756950975885,2.07845896604771,1.9207375318513036
Aniline,Dioxane,Nc1ccccc1,C1COCCO1,725.6199999999999,6683.509999999999,1461.1049999999996,93.12899999999999,88.106,2.1083756950975885,1.1200008825933447,1.7925306495375792
Aniline,Ethyl acetate,Nc1ccccc1,CCOC(=O)C,725.6199999999999,9831.8,1544.972,93.12899999999999,88.106,2.1083756950975885,0.9523724492991003,1.7682914634989584
Aniline,Ethyl acrylate,Nc1ccccc1,CCOC(=O)C=C,725.6199999999999,761.1099999999999,1373.7815,93.12899999999999,100.11699999999999,2.1083756950975885,2.1190603994765276,1.8471628538934002
Aniline,Ethyl alcohol,Nc1ccccc1,CCO,725.6199999999999,15543.3,2068.162,93.12899999999999,46.069,2.1083756950975885,0.4718655559401559,1.5270184454786015
Aniline,Ethylene glycol,Nc1ccccc1,OCCO,725.6199999999999,7189.9800000000005,1923.635,93.12899999999999,62.068000000000005,2.1083756950975885,0.9361400691300721,1.6057306559693834
Aniline,Formalin,Nc1ccccc1,C=O,725.6199999999999,2016.5,3495.36,93.12899999999999,30.026,2.1083756950975885,1.1728992539194776,1.2459301409235712
Aniline,Isophorone,Nc1ccccc1,CC1=CC(=O)CC(C)(C)C1,725.6199999999999,2104.44,1815.6575000000005,93.12899999999999,138.20999999999998,2.1083756950975885,1.8174029189459762,1.8041849303315458
Aniline,Morpholine,Nc1ccccc1,C1COCCN1,725.6199999999999,1631.34,758.846,93.12899999999999,87.122,2.1083756950975885,1.7275833515664596,2.0746940378877077
Aniline,Nitrobenzene,Nc1ccccc1,[O-][N+](=O)c1ccccc1,725.6199999999999,599.5,494.1725,93.12899999999999,123.11099999999996,2.1083756950975885,2.3125076715555126,2.340027463161263
Aniline,Phenyl Cellosolve,Nc1ccccc1,c1ccccc1OCCO,725.6199999999999,3614.56,1652.4720000000002,93.12899999999999,138.166,2.1083756950975885,1.582345746423963,1.845002139484949
Aniline,PEG 400,Nc1ccccc1,OCCOCCOCCOCCOCCOCCOCCOCCO,725.6199999999999,45232.8,1339.45,93.12899999999999,370.4390000000002,2.1083756950975885,0.9132632308859374,2.2381569468321856
Aniline,Propylene glycol,Nc1ccccc1,CC(O)CO,725.6199999999999,45894.8,2025.072,93.12899999999999,76.095,2.1083756950975885,0.21959263974080165,1.6209914918669117
Aniline,Propylene oxide,Nc1ccccc1,CC1CO1,725.6199999999999,627.07,1128.6,93.12899999999999,58.08,2.1083756950975885,1.9667105837403391,1.8260075996598617
Aniline,Tergitol XD,Nc1ccccc1,CCCCCCCCCCCCCOCCOCCOCCO,725.6199999999999,5999.6,1684.338,93.12899999999999,332.5250000000001,2.1083756950975885,1.7437020056790038,2.10159747649403
Aniline,Tetrachloroethylene,Nc1ccccc1,ClC(Cl)=C(Cl)Cl,725.6199999999999,12976.0,1874.596,93.12899999999999,165.834,2.1083756950975885,1.1065327393989566,1.8393000359197595
Aniline,Toluene,Nc1ccccc1,Cc1ccccc1,725.6199999999999,6762.6,1638.7075000000002,93.12899999999999,92.14099999999999,2.1083756950975885,1.1343392211439922,1.7522736644652461
Aniline,Ucon 50HB260,Nc1ccccc1,CC(C)OCC(C)OCC(C)O,725.6199999999999,5596.500000000001,1458.688,93.12899999999999,176.256,2.1083756950975885,1.4982274018082817,1.965381003627224
Aniline,Ucon LB250,Nc1ccccc1,CC(C)OCC(C)OCC(C)O,725.6199999999999,10605.0,2217.0400000000004,93.12899999999999,176.256,2.1083756950975885,1.2206332370522115,1.7835698850841264
Butyl Cellosolve,Butyl ether,CCCCOCCO,CCCCOCCCC,2146.76,10390.4,2427.362,118.17599999999999,130.231,1.740745791372431,1.0980821084263572,1.7089992853997185
Butyl Cellosolve,Carbon tetrachloride,CCCCOCCO,ClC(Cl)(Cl)Cl,2146.76,4909.52,1970.592,118.17599999999999,153.823,1.740745791372431,1.4959822435581474,1.8389405963416936
Butyl Cellosolve,Diethanolamine,CCCCOCCO,OCCNCCO,2146.76,877.6,1870.0645,118.17599999999999,105.137,1.740745791372431,2.07845896604771,1.7760274243190868
Butyl Cellosolve,Dioxane,CCCCOCCO,C1COCCO1,2146.76,6683.509999999999,4261.837500000001,118.17599999999999,88.106,1.740745791372431,1.1200008825933447,1.3838344513392287
Butyl Cellosolve,Ethyl acetate,CCCCOCCO,CCOC(=O)C,2146.76,9831.8,3203.904,118.17599999999999,88.106,1.740745791372431,0.9523724492991003,1.5077518431297394
Butyl Cellosolve,Ethyl acrylate,CCCCOCCO,CCOC(=O)C=C,2146.76,761.1099999999999,1257.8385,118.17599999999999,100.11699999999999,1.740745791372431,2.1190603994765276,1.9383849302417246
Butyl Cellosolve,Ethyl alcohol,CCCCOCCO,CCO,2146.76,15543.3,2967.705,118.17599999999999,46.069,1.740745791372431,0.4718655559401559,1.442041433434849
Butyl Cellosolve,Ethylene glycol,CCCCOCCO,OCCO,2146.76,7189.9800000000005,3129.295,118.17599999999999,62.068000000000005,1.740745791372431,0.9361400691300721,1.4593843148767967
Butyl Cellosolve,Formalin,CCCCOCCO,C=O,2146.76,2016.5,1535.832,118.17599999999999,30.026,1.740745791372431,1.1728992539194776,1.6834803567253265
Butyl Cellosolve,Isophorone,CCCCOCCO,CC1=CC(=O)CC(C)(C)C1,2146.76,2104.44,2760.3125000000005,118.17599999999999,138.20999999999998,1.740745791372431,1.8174029189459762,1.6669060589911235
Butyl Cellosolve,Morpholine,CCCCOCCO,C1COCCN1,2146.76,1631.34,1673.2384999999997,118.17599999999999,87.122,1.740745791372431,1.7275833515664596,1.7877968740346417
Butyl Cellosolve,Nitrobenzene,CCCCOCCO,[O-][N+](=O)c1ccccc1,2146.76,599.5,1021.086,118.17599999999999,123.11099999999996,1.740745791372431,2.3125076715555126,2.072441606398547
Butyl Cellosolve,Phenyl Cellosolve,CCCCOCCO,c1ccccc1OCCO,2146.76,3614.56,5528.034000000001,118.17599999999999,138.166,1.740745791372431,1.582345746423963,1.3652190672391553
Butyl Cellosolve,PEG 400,CCCCOCCO,OCCOCCOCCOCCOCCOCCOCCOCCO,2146.76,45232.8,3061.24,118.17599999999999,370.4390000000002,1.740745791372431,0.9132632308859374,1.9020394201446318
Butyl Cellosolve,Propylene glycol,CCCCOCCO,CC(O)CO,2146.76,45894.8,3367.275,118.17599999999999,76.095,1.740745791372431,0.21959263974080165,1.4600993940491773
Butyl Cellosolve,Propylene oxide,CCCCOCCO,CC1CO1,2146.76,627.07,1537.3530000000003,118.17599999999999,58.08,1.740745791372431,1.9667105837403391,1.7583403145679641
Butyl Cellosolve,Tergitol XD,CCCCOCCO,CCCCCCCCCCCCCOCCOCCOCCO,2146.76,5999.6,4502.79,118.17599999999999,332.5250000000001,1.740745791372431,1.7437020056790038,1.699376833088633
Butyl Cellosolve,Tetrachloroethylene,CCCCOCCO,ClC(Cl)=C(Cl)Cl,2146.76,12976.0,2987.154,118.17599999999999,165.834,1.740745791372431,1.1065327393989566,1.6770460233358602
Butyl Cellosolve,Toluene,CCCCOCCO,Cc1ccccc1,2146.76,6762.6,2320.9280000000003,118.17599999999999,92.14099999999999,1.740745791372431,1.1343392211439922,1.65618271467354
Butyl Cellosolve,Ucon 50HB260,CCCCOCCO,CC(C)OCC(C)OCC(C)O,2146.76,5596.500000000001,3649.264,118.17599999999999,176.256,1.740745791372431,1.4982274018082817,1.6057497305371613
Butyl Cellosolve,Ucon LB250,CCCCOCCO,CC(C)OCC(C)OCC(C)O,2146.76,10605.0,4086.512,118.17599999999999,176.256,1.740745791372431,1.2206332370522115,1.5566022348001505
Butyl ether,Carbon tetrachloride,CCCCOCCCC,ClC(Cl)(Cl)Cl,10390.4,4909.52,3546.432,130.231,153.823,1.0980821084263572,1.4959822435581474,1.6025792766385145
Butyl ether,Diethanolamine,CCCCOCCCC,OCCNCCO,10390.4,877.6,1528.8115,130.231,105.137,1.0980821084263572,2.07845896604771,1.8863634804458087
Butyl ether,Dioxane,CCCCOCCCC,C1COCCO1,10390.4,6683.509999999999,9491.754,130.231,88.106,1.0980821084263572,1.1200008825933447,1.060750869062134
Butyl ether,Ethyl acetate,CCCCOCCCC,CCOC(=O)C,10390.4,9831.8,11200.517999999998,130.231,88.106,1.0980821084263572,0.9523724492991003,0.9888592347165206
Butyl ether,Ethyl acrylate,CCCCOCCCC,CCOC(=O)C=C,10390.4,761.1099999999999,1584.3425,130.231,100.11699999999999,1.0980821084263572,2.1190603994765276,1.8615053778553665
Butyl ether,Ethyl alcohol,CCCCOCCCC,CCO,10390.4,15543.3,16884.9925,130.231,46.069,1.0980821084263572,0.4718655559401559,0.7177214445694087
Butyl ether,Ethylene glycol,CCCCOCCCC,OCCO,10390.4,7189.9800000000005,11578.2745,130.231,62.068000000000005,1.0980821084263572,0.9361400691300721,0.9193031884554892
Butyl ether,Formalin,CCCCOCCCC,C=O,10390.4,2016.5,1301.5079999999998,130.231,30.026,1.0980821084263572,1.1728992539194776,1.7893401709160641
Butyl ether,Isophorone,CCCCOCCCC,CC1=CC(=O)CC(C)(C)C1,10390.4,2104.44,4451.1495,130.231,138.20999999999998,1.0980821084263572,1.8174029189459762,1.4793466712206258
Butyl ether,Morpholine,CCCCOCCCC,C1COCCN1,10390.4,1631.34,2786.6685,130.231,87.122,1.0980821084263572,1.7275833515664596,1.5910503347849787
Butyl ether,Nitrobenzene,CCCCOCCCC,[O-][N+](=O)c1ccccc1,10390.4,599.5,740.051,130.231,123.11099999999996,1.0980821084263572,2.3125076715555126,2.2334155492800156
Butyl ether,Phenyl Cellosolve,CCCCOCCCC,c1ccccc1OCCO,10390.4,3614.56,4651.938,130.231,138.166,1.0980821084263572,1.582345746423963,1.4601137436313596
Butyl ether,PEG 400,CCCCOCCCC,OCCOCCOCCOCCOCCOCCOCCOCCO,10390.4,45232.8,24017.994,130.231,370.4390000000002,1.0980821084263572,0.9132632308859374,1.017984841719688
Butyl ether,Propylene glycol,CCCCOCCCC,CC(O)CO,10390.4,45894.8,27954.9,130.231,76.095,1.0980821084263572,0.21959263974080165,0.5670660199736792
Butyl ether,Propylene oxide,CCCCOCCCC,CC1CO1,10390.4,627.07,2007.651,130.231,58.08,1.0980821084263572,1.9667105837403391,1.6711574745190483
Butyl ether,Tergitol XD,CCCCOCCCC,CCCCCCCCCCCCCOCCOCCOCCO,10390.4,5999.6,6177.888,130.231,332.5250000000001,1.0980821084263572,1.7437020056790038,1.5734820321341942
Butyl ether,Tetrachloroethylene,CCCCOCCCC,ClC(Cl)=C(Cl)Cl,10390.4,12976.0,4354.45,130.231,165.834,1.0980821084263572,1.1065327393989566,1.531423765519134
Butyl ether,Toluene,CCCCOCCCC,Cc1ccccc1,10390.4,6762.6,13702.8465,130.231,92.14099999999999,1.0980821084263572,1.1343392211439922,0.9092393136763021
Butyl ether,Ucon 50HB260,CCCCOCCCC,CC(C)OCC(C)OCC(C)O,10390.4,5596.500000000001,5183.505,130.231,176.256,1.0980821084263572,1.4982274018082817,1.4707585406877999
Butyl ether,Ucon LB250,CCCCOCCCC,CC(C)OCC(C)OCC(C)O,10390.4,10605.0,19836.997,130.231,176.256,1.0980821084263572,1.2206332370522115,0.887906134834449
Carbon tetrachloride,Diethanolamine,ClC(Cl)(Cl)Cl,OCCNCCO,4909.52,877.6,1461.2130000000002,153.823,105.137,1.4959822435581474,2.07845896604771,1.9474891633779339
Carbon tetrachloride,Dioxane,ClC(Cl)(Cl)Cl,C1COCCO1,4909.52,6683.509999999999,4530.261499999999,153.823,88.106,1.4959822435581474,1.1200008825933447,1.4265346631558848
Carbon tetrachloride,Ethyl acetate,ClC(Cl)(Cl)Cl,CCOC(=O)C,4909.52,9831.8,14619.072,153.823,88.106,1.4959822435581474,0.9523724492991003,0.9177381296070182
Carbon tetrachloride,Ethyl acrylate,ClC(Cl)(Cl)Cl,CCOC(=O)C=C,4909.52,761.1099999999999,2104.218,153.823,100.11699999999999,1.4959822435581474,2.1190603994765276,1.7806103882463156
Carbon tetrachloride,Ethyl alcohol,ClC(Cl)(Cl)Cl,CCO,4909.52,15543.3,5822.860499999999,153.823,46.069,1.4959822435581474,0.4718655559401559,1.2346290319261857
Carbon tetrachloride,Ethylene glycol,ClC(Cl)(Cl)Cl,OCCO,4909.52,7189.9800000000005,10082.2215,153.823,62.068000000000005,1.4959822435581474,0.9361400691300721,1.0296483079272591
Carbon tetrachloride,Formalin,ClC(Cl)(Cl)Cl,C=O,4909.52,2016.5,6743.550000000001,153.823,30.026,1.4959822435581474,1.1728992539194776,1.1345426943871542
Carbon tetrachloride,Isophorone,ClC(Cl)(Cl)Cl,CC1=CC(=O)CC(C)(C)C1,4909.52,2104.44,1673.8050000000003,153.823,138.20999999999998,1.4959822435581474,1.8174029189459762,1.9406970733854478
Carbon tetrachloride,Morpholine,ClC(Cl)(Cl)Cl,C1COCCN1,4909.52,1631.34,1243.2779999999998,153.823,87.122,1.4959822435581474,1.7275833515664596,1.9863196739430502
Carbon tetrachloride,Nitrobenzene,ClC(Cl)(Cl)Cl,[O-][N+](=O)c1ccccc1,4909.52,599.5,816.9525,153.823,123.11099999999996,1.4959822435581474,2.3125076715555126,2.229149476843986
Carbon tetrachloride,Phenyl Cellosolve,ClC(Cl)(Cl)Cl,c1ccccc1OCCO,4909.52,3614.56,3857.976,153.823,138.166,1.4959822435581474,1.582345746423963,1.5779769734446476
Carbon tetrachloride,PEG 400,ClC(Cl)(Cl)Cl,OCCOCCOCCOCCOCCOCCOCCOCCO,4909.52,45232.8,6712.452000000001,153.823,370.4390000000002,1.4959822435581474,0.9132632308859374,1.591637191164947
Carbon tetrachloride,Propylene glycol,ClC(Cl)(Cl)Cl,CC(O)CO,4909.52,45894.8,9709.96,153.823,76.095,1.4959822435581474,0.21959263974080165,1.0733255364783372
Carbon tetrachloride,Propylene oxide,ClC(Cl)(Cl)Cl,CC1CO1,4909.52,627.07,1340.5645000000002,153.823,58.08,1.4959822435581474,1.9667105837403391,1.8978193950880846
Carbon tetrachloride,Tergitol XD,ClC(Cl)(Cl)Cl,CCCCCCCCCCCCCOCCOCCOCCO,4909.52,5999.6,9287.673,153.823,332.5250000000001,1.4959822435581474,1.7437020056790038,1.4180102222320732
Carbon tetrachloride,Tetrachloroethylene,ClC(Cl)(Cl)Cl,ClC(Cl)=C(Cl)Cl,4909.52,12976.0,4110.048,153.823,165.834,1.4959822435581474,1.1065327393989566,1.5898073296969764
Carbon tetrachloride,Toluene,ClC(Cl)(Cl)Cl,Cc1ccccc1,4909.52,6762.6,3599.2125,153.823,92.14099999999999,1.4959822435581474,1.1343392211439922,1.533634063041502
Carbon tetrachloride,Ucon 50HB260,ClC(Cl)(Cl)Cl,CC(C)OCC(C)OCC(C)O,4909.52,5596.500000000001,6218.688,153.823,176.256,1.4959822435581474,1.4982274018082817,1.4238891310204778
Carbon tetrachloride,Ucon LB250,ClC(Cl)(Cl)Cl,CC(C)OCC(C)OCC(C)O,4909.52,10605.0,10065.708,153.823,176.256,1.4959822435581474,1.2206332370522115,1.2147435716102113
Diethanolamine,Dioxane,OCCNCCO,C1COCCO1,877.6,6683.509999999999,1723.17,105.137,88.106,2.07845896604771,1.1200008825933447,1.7487456503543675
Diethanolamine,Ethyl acetate,OCCNCCO,CCOC(=O)C,877.6,9831.8,1460.2695,105.137,88.106,2.07845896604771,0.9523724492991003,1.820640761016945
Diethanolamine,Ethyl acrylate,OCCNCCO,CCOC(=O)C=C,877.6,761.1099999999999,2930.3700000000003,105.137,100.11699999999999,2.07845896604771,2.1190603994765276,1.5443391742225656
Diethanolamine,Ethyl alcohol,OCCNCCO,CCO,877.6,15543.3,1007.124,105.137,46.069,2.07845896604771,0.4718655559401559,1.875456083637419
Diethanolamine,Ethylene glycol,OCCNCCO,OCCO,877.6,7189.9800000000005,2215.525,105.137,62.068000000000005,2.07845896604771,0.9361400691300721,1.5767426095426784
Diethanolamine,Formalin,OCCNCCO,C=O,877.6,2016.5,667.0350000000001,105.137,30.026,2.07845896604771,1.1728992539194776,2.005679204511295
Diethanolamine,Isophorone,OCCNCCO,CC1=CC(=O)CC(C)(C)C1,877.6,2104.44,1684.68,105.137,138.20999999999998,2.07845896604771,1.8174029189459762,1.8586785808493582
Diethanolamine,Morpholine,OCCNCCO,C1COCCN1,877.6,1631.34,1211.9039999999998,105.137,87.122,2.07845896604771,1.7275833515664596,1.8993884645097763
Diethanolamine,Nitrobenzene,OCCNCCO,[O-][N+](=O)c1ccccc1,877.6,599.5,1009.092,105.137,123.11099999999996,2.07845896604771,2.3125076715555126,2.0534462219618566
Diethanolamine,Phenyl Cellosolve,OCCNCCO,c1ccccc1OCCO,877.6,3614.56,1860.354,105.137,138.166,2.07845896604771,1.582345746423963,1.815521875883107
Diethanolamine,PEG 400,OCCNCCO,OCCOCCOCCOCCOCCOCCOCCOCCO,877.6,45232.8,1352.7999999999995,105.137,370.4390000000002,2.07845896604771,0.9132632308859374,2.2449563395227567
Diethanolamine,Propylene glycol,OCCNCCO,CC(O)CO,877.6,45894.8,1883.439,105.137,76.095,2.07845896604771,0.21959263974080165,1.682253328475532
Diethanolamine,Propylene oxide,OCCNCCO,CC1CO1,877.6,627.07,1009.296,105.137,58.08,2.07845896604771,1.9667105837403391,1.907716843327564
Diethanolamine,Tergitol XD,OCCNCCO,CCCCCCCCCCCCCOCCOCCOCCO,877.6,5999.6,2128.959,105.137,332.5250000000001,2.07845896604771,1.7437020056790038,2.011941547198573
Diethanolamine,Tetrachloroethylene,OCCNCCO,ClC(Cl)=C(Cl)Cl,877.6,12976.0,2746.1900000000005,105.137,165.834,2.07845896604771,1.1065327393989566,1.6931622370362194
Diethanolamine,Toluene,OCCNCCO,Cc1ccccc1,877.6,6762.6,1516.208,105.137,92.14099999999999,2.07845896604771,1.1343392211439922,1.8132898769554757
Diethanolamine,Ucon 50HB260,OCCNCCO,CC(C)OCC(C)OCC(C)O,877.6,5596.500000000001,1866.8165000000004,105.137,176.256,2.07845896604771,1.4982274018082817,1.8771816631800724
Diethanolamine,Ucon LB250,OCCNCCO,CC(C)OCC(C)OCC(C)O,877.6,10605.0,1788.451,105.137,176.256,2.07845896604771,1.2206332370522115,1.8958062481120164
Dioxane,Ethyl acetate,C1COCCO1,CCOC(=O)C,6683.509999999999,9831.8,11223.0,88.106,88.106,1.1200008825933447,0.9523724492991003,0.8948965218637981
Dioxane,Ethyl acrylate,C1COCCO1,CCOC(=O)C=C,6683.509999999999,761.1099999999999,1304.5500000000002,88.106,100.11699999999999,1.1200008825933447,2.1190603994765276,1.85818196636263
Dioxane,Ethyl alcohol,C1COCCO1,CCO,6683.509999999999,15543.3,14547.759,88.106,46.069,1.1200008825933447,0.4718655559401559,0.6638455104296763
Dioxane,Ethylene glycol,C1COCCO1,OCCO,6683.509999999999,7189.9800000000005,12845.956,88.106,62.068000000000005,1.1200008825933447,0.9361400691300721,0.7667983228890419
Dioxane,Formalin,C1COCCO1,C=O,6683.509999999999,2016.5,2166.5215,88.106,30.026,1.1200008825933447,1.1728992539194776,1.435574557842031
Dioxane,Isophorone,C1COCCO1,CC1=CC(=O)CC(C)(C)C1,6683.509999999999,2104.44,3747.696,88.106,138.20999999999998,1.1200008825933447,1.8174029189459762,1.479920907763347
Dioxane,Morpholine,C1COCCO1,C1COCCN1,6683.509999999999,1631.34,3830.1,88.106,87.122,1.1200008825933447,1.7275833515664596,1.3593633953141935
Dioxane,Nitrobenzene,C1COCCO1,[O-][N+](=O)c1ccccc1,6683.509999999999,599.5,745.4880000000002,88.106,123.11099999999996,1.1200008825933447,2.3125076715555126,2.151258217129543
Dioxane,Phenyl Cellosolve,C1COCCO1,c1ccccc1OCCO,6683.509999999999,3614.56,5403.685,88.106,138.166,1.1200008825933447,1.582345746423963,1.320910795380614
Dioxane,PEG 400,C1COCCO1,OCCOCCOCCOCCOCCOCCOCCOCCO,6683.509999999999,45232.8,22295.037,88.106,370.4390000000002,1.1200008825933447,0.9132632308859374,1.0121437691476785
Dioxane,Propylene glycol,C1COCCO1,CC(O)CO,6683.509999999999,45894.8,22902.7955,88.106,76.095,1.1200008825933447,0.21959263974080165,0.5544573067517784
Dioxane,Propylene oxide,C1COCCO1,CC1CO1,6683.509999999999,627.07,1772.804,88.106,58.08,1.1200008825933447,1.9667105837403391,1.615215064306092
Dioxane,Tergitol XD,C1COCCO1,CCCCCCCCCCCCCOCCOCCOCCO,6683.509999999999,5999.6,10530.9295,88.106,332.5250000000001,1.1200008825933447,1.7437020056790038,1.300404575483504
Dioxane,Tetrachloroethylene,C1COCCO1,ClC(Cl)=C(Cl)Cl,6683.509999999999,12976.0,3355.92,88.106,165.834,1.1200008825933447,1.1065327393989566,1.5778895202256604
Dioxane,Toluene,C1COCCO1,Cc1ccccc1,6683.509999999999,6762.6,7466.05,88.106,92.14099999999999,1.1200008825933447,1.1343392211439922,1.0817471554029283
Dioxane,Ucon 50HB260,C1COCCO1,CC(C)OCC(C)OCC(C)O,6683.509999999999,5596.500000000001,15218.398000000005,88.106,176.256,1.1200008825933447,1.4982274018082817,0.9388000953276465
Dioxane,Ucon LB250,C1COCCO1,CC(C)OCC(C)OCC(C)O,6683.509999999999,10605.0,11735.622,88.106,176.256,1.1200008825933447,1.2206332370522115,1.05166292055379
Ethyl acetate,Ethyl acrylate,CCOC(=O)C,CCOC(=O)C=C,9831.8,761.1099999999999,1431.553,88.106,100.11699999999999,0.9523724492991003,2.1190603994765276,1.8178352640704232
Ethyl acetate,Ethyl alcohol,CCOC(=O)C,CCO,9831.8,15543.3,16481.3315,88.106,46.069,0.9523724492991003,0.4718655559401559,0.609649313570915
Ethyl acetate,Ethylene glycol,CCOC(=O)C,OCCO,9831.8,7189.9800000000005,14091.902500000002,88.106,62.068000000000005,0.9523724492991003,0.9361400691300721,0.7265951233293315
Ethyl acetate,Formalin,CCOC(=O)C,C=O,9831.8,2016.5,1167.312,88.106,30.026,0.9523724492991003,1.1728992539194776,1.7041506109543485
Ethyl acetate,Isophorone,CCOC(=O)C,CC1=CC(=O)CC(C)(C)C1,9831.8,2104.44,3018.55,88.106,138.20999999999998,0.9523724492991003,1.8174029189459762,1.5738868889484339
Ethyl acetate,Morpholine,CCOC(=O)C,C1COCCN1,9831.8,1631.34,3543.104,88.106,87.122,0.9523724492991003,1.7275833515664596,1.393189608139788
Ethyl acetate,Nitrobenzene,CCOC(=O)C,[O-][N+](=O)c1ccccc1,9831.8,599.5,1035.793,88.106,123.11099999999996,0.9523724492991003,2.3125076715555126,2.008425902523466
Ethyl acetate,Phenyl Cellosolve,CCOC(=O)C,c1ccccc1OCCO,9831.8,3614.56,6736.446,88.106,138.166,0.9523724492991003,1.582345746423963,1.2251699871139605
Ethyl acetate,PEG 400,CCOC(=O)C,OCCOCCOCCOCCOCCOCCOCCOCCO,9831.8,45232.8,24504.13,88.106,370.4390000000002,0.9523724492991003,0.9132632308859374,0.9711126787366616
Ethyl acetate,Propylene glycol,CCOC(=O)C,CC(O)CO,9831.8,45894.8,14741.397,88.106,76.095,0.9523724492991003,0.21959263974080165,0.7458071597046687
Ethyl acetate,Propylene oxide,CCOC(=O)C,CC1CO1,9831.8,627.07,987.9210000000002,88.106,58.08,0.9523724492991003,1.9667105837403391,1.869153570036206
Ethyl acetate,Tergitol XD,CCOC(=O)C,CCCCCCCCCCCCCOCCOCCOCCO,9831.8,5999.6,18742.005,88.106,332.5250000000001,0.9523724492991003,1.7437020056790038,1.0500552314436629
Ethyl acetate,Tetrachloroethylene,CCOC(=O)C,ClC(Cl)=C(Cl)Cl,9831.8,12976.0,8889.528,88.106,165.834,0.9523724492991003,1.1065327393989566,1.1548224173861596
Ethyl acetate,Toluene,CCOC(=O)C,Cc1ccccc1,9831.8,6762.6,15175.3665,88.106,92.14099999999999,0.9523724492991003,1.1343392211439922,0.7736988609530613
Ethyl acetate,Ucon 50HB260,CCOC(=O)C,CC(C)OCC(C)OCC(C)O,9831.8,5596.500000000001,8031.503999999998,88.106,176.256,0.9523724492991003,1.4982274018082817,1.2163721531604068
Ethyl acetate,Ucon LB250,CCOC(=O)C,CC(C)OCC(C)OCC(C)O,9831.8,10605.0,14212.512,88.106,176.256,0.9523724492991003,1.2206332370522115,0.9684981887690202
Ethyl acrylate,Ethyl alcohol,CCOC(=O)C=C,CCO,761.1099999999999,15543.3,1131.931,100.11699999999999,46.069,2.1190603994765276,0.4718655559401559,1.8100558332276857
Ethyl acrylate,Ethylene glycol,CCOC(=O)C=C,OCCO,761.1099999999999,7189.9800000000005,1866.5850000000005,100.11699999999999,62.068000000000005,2.1190603994765276,0.9361400691300721,1.6379329179983928
Ethyl acrylate,Formalin,CCOC(=O)C=C,C=O,761.1099999999999,2016.5,1150.011,100.11699999999999,30.026,2.1190603994765276,1.1728992539194776,1.7526888235624352
Ethyl acrylate,Isophorone,CCOC(=O)C=C,CC1=CC(=O)CC(C)(C)C1,761.1099999999999,2104.44,1333.0800000000002,100.11699999999999,138.20999999999998,2.1190603994765276,1.8174029189459762,1.9512870377548404
Ethyl acrylate,Nitrobenzene,CCOC(=O)C=C,[O-][N+](=O)c1ccccc1,761.1099999999999,599.5,616.814,100.11699999999999,123.11099999999996,2.1190603994765276,2.3125076715555126,2.257564450112992
Ethyl acrylate,Phenyl Cellosolve,CCOC(=O)C=C,c1ccccc1OCCO,761.1099999999999,3614.56,1714.131,100.11699999999999,138.166,2.1190603994765276,1.582345746423963,1.8420190544082202
Ethyl acrylate,PEG 400,CCOC(=O)C=C,OCCOCCOCCOCCOCCOCCOCCOCCO,761.1099999999999,45232.8,1330.2725,100.11699999999999,370.4390000000002,2.1190603994765276,0.9132632308859374,2.247640706517757
Ethyl acrylate,Propylene glycol,CCOC(=O)C=C,CC(O)CO,761.1099999999999,45894.8,1408.113,100.11699999999999,76.095,2.1190603994765276,0.21959263974080165,1.7963679767743823
Ethyl acrylate,Propylene oxide,CCOC(=O)C=C,CC1CO1,761.1099999999999,627.07,821.4,100.11699999999999,58.08,2.1190603994765276,1.9667105837403391,1.9836135492290987
Ethyl acrylate,Tergitol XD,CCOC(=O)C=C,CCCCCCCCCCCCCOCCOCCOCCO,761.1099999999999,5999.6,1389.831,100.11699999999999,332.5250000000001,2.1190603994765276,1.7437020056790038,2.192136687571713
Ethyl acrylate,Tetrachloroethylene,CCOC(=O)C=C,ClC(Cl)=C(Cl)Cl,761.1099999999999,12976.0,1801.4205000000002,100.11699999999999,165.834,2.1190603994765276,1.1065327393989566,1.8681565313153083
Ethyl acrylate,Toluene,CCOC(=O)C=C,Cc1ccccc1,761.1099999999999,6762.6,1672.5,100.11699999999999,92.14099999999999,2.1190603994765276,1.1343392211439922,1.759488298065694
Ethyl acrylate,Ucon 50HB260,CCOC(=O)C=C,CC(C)OCC(C)OCC(C)O,761.1099999999999,5596.500000000001,1187.0845000000002,100.11699999999999,176.256,2.1190603994765276,1.4982274018082817,2.0659839827673467
Ethyl acrylate,Ucon LB250,CCOC(=O)C=C,CC(C)OCC(C)OCC(C)O,761.1099999999999,10605.0,2846.2490000000003,100.11699999999999,176.256,2.1190603994765276,1.2206332370522115,1.6861927260816771
Ethyl alcohol,Ethylene glycol,CCO,OCCO,15543.3,7189.9800000000005,38553.54000000001,46.069,62.068000000000005,0.4718655559401559,0.9361400691300721,0.1468800599964212
Ethyl alcohol,Formalin,CCO,C=O,15543.3,2016.5,1785.05,46.069,30.026,0.4718655559401559,1.1728992539194776,1.328675740319731
Ethyl alcohol,Isophorone,CCO,CC1=CC(=O)CC(C)(C)C1,15543.3,2104.44,2711.8080000000004,46.069,138.20999999999998,0.4718655559401559,1.8174029189459762,1.5311869136058576
Ethyl alcohol,Morpholine,CCO,C1COCCN1,15543.3,1631.34,2278.226,46.069,87.122,0.4718655559401559,1.7275833515664596,1.4658480800681122
Ethyl alcohol,Nitrobenzene,CCO,[O-][N+](=O)c1ccccc1,15543.3,599.5,998.97,46.069,123.11099999999996,0.4718655559401559,2.3125076715555126,1.927766578805835
Ethyl alcohol,Phenyl Cellosolve,CCO,c1ccccc1OCCO,15543.3,3614.56,6042.6905,46.069,138.166,0.4718655559401559,1.582345746423963,1.1831117922953445
Ethyl alcohol,PEG 400,CCO,OCCOCCOCCOCCOCCOCCOCCOCCO,15543.3,45232.8,38369.7135,46.069,370.4390000000002,0.4718655559401559,0.9132632308859374,0.7346047953806782
Ethyl alcohol,Propylene glycol,CCO,CC(O)CO,15543.3,45894.8,25655.85,46.069,76.095,0.4718655559401559,0.21959263974080165,0.3767268408919583
Ethyl alcohol,Propylene oxide,CCO,CC1CO1,15543.3,627.07,3135.3200000000006,46.069,58.08,0.4718655559401559,1.9667105837403391,1.2203432359018478
Ethyl alcohol,Tergitol XD,CCO,CCCCCCCCCCCCCOCCOCCOCCO,15543.3,5999.6,7258.249500000001,46.069,332.5250000000001,0.4718655559401559,1.7437020056790038,1.4163118384161415
Ethyl alcohol,Tetrachloroethylene,CCO,ClC(Cl)=C(Cl)Cl,15543.3,12976.0,9024.373,46.069,165.834,0.4718655559401559,1.1065327393989566,1.0696900720883165
Ethyl alcohol,Toluene,CCO,Cc1ccccc1,15543.3,6762.6,5931.792,46.069,92.14099999999999,0.4718655559401559,1.1343392211439922,1.0663235573464867
Ethyl alcohol,Ucon 50HB260,CCO,CC(C)OCC(C)OCC(C)O,15543.3,5596.500000000001,8036.429999999999,46.069,176.256,0.4718655559401559,1.4982274018082817,1.140895139115221
Ethyl alcohol,Ucon LB250,CCO,CC(C)OCC(C)OCC(C)O,15543.3,10605.0,19804.191,46.069,176.256,0.4718655559401559,1.2206332370522115,0.74920119912428
Ethylene glycol,Formalin,OCCO,C=O,7189.9800000000005,2016.5,3106.23,62.068000000000005,30.026,0.9361400691300721,1.1728992539194776,1.1709677310049666
Ethylene glycol,Isophorone,OCCO,CC1=CC(=O)CC(C)(C)C1,7189.9800000000005,2104.44,4455.786,62.068000000000005,138.20999999999998,0.9361400691300721,1.8174029189459762,1.3516789255541857
Ethylene glycol,Morpholine,OCCO,C1COCCN1,7189.9800000000005,1631.34,5841.66,62.068000000000005,87.122,0.9361400691300721,1.7275833515664596,1.1061734419976652
Ethylene glycol,Nitrobenzene,OCCO,[O-][N+](=O)c1ccccc1,7189.9800000000005,599.5,1002.2520000000002,62.068000000000005,123.11099999999996,0.9361400691300721,2.3125076715555126,1.9655848072743878
Ethylene glycol,Phenyl Cellosolve,OCCO,c1ccccc1OCCO,7189.9800000000005,3614.56,8923.1275,62.068000000000005,138.166,0.9361400691300721,1.582345746423963,1.0499907289834667
Ethylene glycol,PEG 400,OCCO,OCCOCCOCCOCCOCCOCCOCCOCCO,7189.9800000000005,45232.8,15205.184999999998,62.068000000000005,370.4390000000002,0.9361400691300721,0.9132632308859374,1.1529714365927908
Ethylene glycol,Propylene glycol,OCCO,CC(O)CO,7189.9800000000005,45894.8,28176.6135,62.068000000000005,76.095,0.9361400691300721,0.21959263974080165,0.3894729642606084
Ethylene glycol,Propylene oxide,OCCO,CC1CO1,7189.9800000000005,627.07,2394.994,62.068000000000005,58.08,0.9361400691300721,1.9667105837403391,1.399382120464568
Ethylene glycol,Tergitol XD,OCCO,CCCCCCCCCCCCCOCCOCCOCCO,7189.9800000000005,5999.6,8979.9225,62.068000000000005,332.5250000000001,0.9361400691300721,1.7437020056790038,1.341846792460259
Ethylene glycol,Tetrachloroethylene,OCCO,ClC(Cl)=C(Cl)Cl,7189.9800000000005,12976.0,13033.642500000004,62.068000000000005,165.834,0.9361400691300721,1.1065327393989566,0.9416523362197219
Ethylene glycol,Toluene,OCCO,Cc1ccccc1,7189.9800000000005,6762.6,7066.62,62.068000000000005,92.14099999999999,0.9361400691300721,1.1343392211439922,1.0378679870210281
Ethylene glycol,Ucon 50HB260,OCCO,CC(C)OCC(C)OCC(C)O,7189.9800000000005,5596.500000000001,9154.8975,62.068000000000005,176.256,0.9361400691300721,1.4982274018082817,1.114484297527999
Ethylene glycol,Ucon LB250,OCCO,CC(C)OCC(C)OCC(C)O,7189.9800000000005,10605.0,13745.865000000002,62.068000000000005,176.256,0.9361400691300721,1.2206332370522115,0.9379657094189447
Formalin,Isophorone,C=O,CC1=CC(=O)CC(C)(C)C1,2016.5,2104.44,2418.6195,30.026,138.20999999999998,1.1728992539194776,1.8174029189459762,1.5413213882690011
Formalin,Morpholine,C=O,C1COCCN1,2016.5,1631.34,1947.0645,30.026,87.122,1.1728992539194776,1.7275833515664596,1.4783245443328235
Formalin,Nitrobenzene,C=O,[O-][N+](=O)c1ccccc1,2016.5,599.5,750.7920000000001,30.026,123.11099999999996,1.1728992539194776,2.3125076715555126,2.008530502831214
Formalin,Phenyl Cellosolve,C=O,c1ccccc1OCCO,2016.5,3614.56,2357.496,30.026,138.166,1.1728992539194776,1.582345746423963,1.5523243746718363
Formalin,PEG 400,C=O,OCCOCCOCCOCCOCCOCCOCCOCCO,2016.5,45232.8,5603.777,30.026,370.4390000000002,1.1728992539194776,0.9132632308859374,1.5530537253848935
Formalin,Propylene glycol,C=O,CC(O)CO,2016.5,45894.8,2736.1620000000003,30.026,76.095,1.1728992539194776,0.21959263974080165,1.2876295310201156
Formalin,Propylene oxide,C=O,CC1CO1,2016.5,627.07,1619.619,30.026,58.08,1.1728992539194776,1.9667105837403391,1.434562626215952
Formalin,Tergitol XD,C=O,CCCCCCCCCCCCCOCCOCCOCCO,2016.5,5999.6,1578.1000000000004,30.026,332.5250000000001,1.1728992539194776,1.7437020056790038,2.0602045918545397
Formalin,Tetrachloroethylene,C=O,ClC(Cl)=C(Cl)Cl,2016.5,12976.0,2953.3680000000004,30.026,165.834,1.1728992539194776,1.1065327393989566,1.5205981895552836
Formalin,Toluene,C=O,Cc1ccccc1,2016.5,6762.6,1449.1585000000002,30.026,92.14099999999999,1.1728992539194776,1.1343392211439922,1.6248080250547805
Formalin,Ucon 50HB260,C=O,CC(C)OCC(C)OCC(C)O,2016.5,5596.500000000001,3498.9000000000005,30.026,176.256,1.1728992539194776,1.4982274018082817,1.4694998074327488
Formalin,Ucon LB250,C=O,CC(C)OCC(C)OCC(C)O,2016.5,10605.0,2459.93,30.026,176.256,1.1728992539194776,1.2206332370522115,1.6225085888237558
Isophorone,Morpholine,CC1=CC(=O)CC(C)(C)C1,C1COCCN1,2104.44,1631.34,1575.845,138.20999999999998,87.122,1.8174029189459762,1.7275833515664596,1.8542793776800948
Isophorone,Nitrobenzene,CC1=CC(=O)CC(C)(C)C1,[O-][N+](=O)c1ccccc1,2104.44,599.5,1403.703,138.20999999999998,123.11099999999996,1.8174029189459762,2.3125076715555126,1.968869087687694
Isophorone,Phenyl Cellosolve,CC1=CC(=O)CC(C)(C)C1,c1ccccc1OCCO,2104.44,3614.56,5921.100000000001,138.20999999999998,138.166,1.8174029189459762,1.582345746423963,1.368067935479119
Isophorone,PEG 400,CC1=CC(=O)CC(C)(C)C1,OCCOCCOCCOCCOCCOCCOCCOCCO,2104.44,45232.8,4916.247,138.20999999999998,370.4390000000002,1.8174029189459762,0.9132632308859374,1.713754504949013
Isophorone,Propylene glycol,CC1=CC(=O)CC(C)(C)C1,CC(O)CO,2104.44,45894.8,2813.1240000000003,138.20999999999998,76.095,1.8174029189459762,0.21959263974080165,1.5808134322210095
Isophorone,Propylene oxide,CC1=CC(=O)CC(C)(C)C1,CC1CO1,2104.44,627.07,2403.027,138.20999999999998,58.08,1.8174029189459762,1.9667105837403391,1.6111095288642778
Isophorone,Tergitol XD,CC1=CC(=O)CC(C)(C)C1,CCCCCCCCCCCCCOCCOCCOCCO,2104.44,5999.6,4958.491500000001,138.20999999999998,332.5250000000001,1.8174029189459762,1.7437020056790038,1.6763969213355863
Isophorone,Tetrachloroethylene,CC1=CC(=O)CC(C)(C)C1,ClC(Cl)=C(Cl)Cl,2104.44,12976.0,3345.4025,138.20999999999998,165.834,1.8174029189459762,1.1065327393989566,1.6574580646929427
Isophorone,Toluene,CC1=CC(=O)CC(C)(C)C1,Cc1ccccc1,2104.44,6762.6,3947.845,138.20999999999998,92.14099999999999,1.8174029189459762,1.1343392211439922,1.4650000131941452
Isophorone,Ucon 50HB260,CC1=CC(=O)CC(C)(C)C1,CC(C)OCC(C)OCC(C)O,2104.44,5596.500000000001,6301.762,138.20999999999998,176.256,1.8174029189459762,1.4982274018082817,1.3970817037697894
Isophorone,Ucon LB250,CC1=CC(=O)CC(C)(C)C1,CC(C)OCC(C)OCC(C)O,2104.44,10605.0,7339.56,138.20999999999998,176.256,1.8174029189459762,1.2206332370522115,1.3308736756903559
Morpholine,Nitrobenzene,C1COCCN1,[O-][N+](=O)c1ccccc1,1631.34,599.5,980.567,87.122,123.11099999999996,1.7275833515664596,2.3125076715555126,2.0301936186075067
Morpholine,Phenyl Cellosolve,C1COCCN1,c1ccccc1OCCO,1631.34,3614.56,4084.078500000001,87.122,138.166,1.7275833515664596,1.582345746423963,1.4406139828518925
Morpholine,PEG 400,C1COCCN1,OCCOCCOCCOCCOCCOCCOCCOCCO,1631.34,45232.8,5276.652499999999,87.122,370.4390000000002,1.7275833515664596,0.9132632308859374,1.6370605106515161
Morpholine,Propylene glycol,C1COCCN1,CC(O)CO,1631.34,45894.8,3433.2615000000005,87.122,76.095,1.7275833515664596,0.21959263974080165,1.3760285119684141
Morpholine,Propylene oxide,C1COCCN1,CC1CO1,1631.34,627.07,2184.153,87.122,58.08,1.7275833515664596,1.9667105837403391,1.5216595452334285
Morpholine,Tergitol XD,C1COCCN1,CCCCCCCCCCCCCOCCOCCOCCO,1631.34,5999.6,2206.5225,87.122,332.5250000000001,1.7275833515664596,1.7437020056790038,1.9781457667590117
Morpholine,Tetrachloroethylene,C1COCCN1,ClC(Cl)=C(Cl)Cl,1631.34,12976.0,1410.4584999999995,87.122,165.834,1.7275833515664596,1.1065327393989566,1.9526546770598487
Morpholine,Toluene,C1COCCN1,Cc1ccccc1,1631.34,6762.6,493.799,87.122,92.14099999999999,1.7275833515664596,1.1343392211439922,2.258910458383311
Morpholine,Ucon 50HB260,C1COCCN1,CC(C)OCC(C)OCC(C)O,1631.34,5596.500000000001,2166.021,87.122,176.256,1.7275833515664596,1.4982274018082817,1.783886836919712
Morpholine,Ucon LB250,C1COCCN1,CC(C)OCC(C)OCC(C)O,1631.34,10605.0,2497.198,87.122,176.256,1.7275833515664596,1.2206332370522115,1.72209652136596
Nitrobenzene,Phenyl Cellosolve,[O-][N+](=O)c1ccccc1,c1ccccc1OCCO,599.5,3614.56,891.6375,123.11099999999996,138.166,2.3125076715555126,1.582345746423963,2.1658828596479607
Nitrobenzene,PEG 400,[O-][N+](=O)c1ccccc1,OCCOCCOCCOCCOCCOCCOCCOCCO,599.5,45232.8,1596.322,123.11099999999996,370.4390000000002,2.3125076715555126,0.9132632308859374,2.189180661586557
Nitrobenzene,Propylene glycol,[O-][N+](=O)c1ccccc1,CC(O)CO,599.5,45894.8,1105.2075000000002,123.11099999999996,76.095,2.3125076715555126,0.21959263974080165,1.9548285959846372
Nitrobenzene,Propylene oxide,[O-][N+](=O)c1ccccc1,CC1CO1,599.5,627.07,701.778,123.11099999999996,58.08,2.3125076715555126,1.9667105837403391,2.1109068768042065
Nitrobenzene,Tergitol XD,[O-][N+](=O)c1ccccc1,CCCCCCCCCCCCCOCCOCCOCCO,599.5,5999.6,1128.3705000000002,123.11099999999996,332.5250000000001,2.3125076715555126,1.7437020056790038,2.305136311413667
Nitrobenzene,Tetrachloroethylene,[O-][N+](=O)c1ccccc1,ClC(Cl)=C(Cl)Cl,599.5,12976.0,1619.254,123.11099999999996,165.834,2.3125076715555126,1.1065327393989566,1.9504702094745172
Nitrobenzene,Toluene,[O-][N+](=O)c1ccccc1,Cc1ccccc1,599.5,6762.6,1244.765,123.11099999999996,92.14099999999999,2.3125076715555126,1.1343392211439922,1.9368298312689667
Nitrobenzene,Ucon 50HB260,[O-][N+](=O)c1ccccc1,CC(C)OCC(C)OCC(C)O,599.5,5596.500000000001,1037.9135,123.11099999999996,176.256,2.3125076715555126,1.4982274018082817,2.159012768778004
Nitrobenzene,Ucon LB250,[O-][N+](=O)c1ccccc1,CC(C)OCC(C)OCC(C)O,599.5,10605.0,850.1220000000001,123.11099999999996,176.256,2.3125076715555126,1.2206332370522115,2.2456926743027097
Phenyl Cellosolve,PEG 400,c1ccccc1OCCO,OCCOCCOCCOCCOCCOCCOCCOCCO,3614.56,45232.8,9798.62,138.166,370.4390000000002,1.582345746423963,0.9132632308859374,1.4141857140313303
Phenyl Cellosolve,Propylene glycol,c1ccccc1OCCO,CC(O)CO,3614.56,45894.8,7504.379999999999,138.166,76.095,1.582345746423963,0.21959263974080165,1.1545983145199474
Phenyl Cellosolve,Propylene oxide,c1ccccc1OCCO,CC1CO1,3614.56,627.07,2545.378,138.166,58.08,1.582345746423963,1.9667105837403391,1.5860185316689115
Phenyl Cellosolve,Tergitol XD,c1ccccc1OCCO,CCCCCCCCCCCCCOCCOCCOCCO,3614.56,5999.6,8633.946999999998,138.166,332.5250000000001,1.582345746423963,1.7437020056790038,1.4354965202676602
Phenyl Cellosolve,Tetrachloroethylene,c1ccccc1OCCO,ClC(Cl)=C(Cl)Cl,3614.56,12976.0,3936.1800000000007,138.166,165.834,1.582345746423963,1.1065327393989566,1.5867686376114583
Phenyl Cellosolve,Toluene,c1ccccc1OCCO,Cc1ccccc1,3614.56,6762.6,3418.184,138.166,92.14099999999999,1.582345746423963,1.1343392211439922,1.5274817055612275
Phenyl Cellosolve,Ucon 50HB260,c1ccccc1OCCO,CC(C)OCC(C)OCC(C)O,3614.56,5596.500000000001,5826.540000000001,138.166,176.256,1.582345746423963,1.4982274018082817,1.431072197911464
Phenyl Cellosolve,Ucon LB250,c1ccccc1OCCO,CC(C)OCC(C)OCC(C)O,3614.56,10605.0,6419.416000000001,138.166,176.256,1.582345746423963,1.2206332370522115,1.3889874098467594
PEG 400,Propylene glycol,OCCOCCOCCOCCOCCOCCOCCOCCO,CC(O)CO,45232.8,45894.8,46007.722,370.4390000000002,76.095,0.9132632308859374,0.21959263974080165,0.6859938064891101
PEG 400,Propylene oxide,OCCOCCOCCOCCOCCOCCOCCOCCO,CC1CO1,45232.8,627.07,2034.688,370.4390000000002,58.08,0.9132632308859374,1.9667105837403391,2.0224422633502077
PEG 400,Tergitol XD,OCCOCCOCCOCCOCCOCCOCCOCCO,CCCCCCCCCCCCCOCCOCCOCCO,45232.8,5999.6,20096.78,370.4390000000002,332.5250000000001,0.9132632308859374,1.7437020056790038,1.2427766106519411
PEG 400,Tetrachloroethylene,OCCOCCOCCOCCOCCOCCOCCOCCO,ClC(Cl)=C(Cl)Cl,45232.8,12976.0,6792.5,370.4390000000002,165.834,0.9132632308859374,1.1065327393989566,1.5963262891220944
PEG 400,Toluene,OCCOCCOCCOCCOCCOCCOCCOCCO,Cc1ccccc1,45232.8,6762.6,8984.482499999998,370.4390000000002,92.14099999999999,0.9132632308859374,1.1343392211439922,1.4106637890199876
PEG 400,Ucon 50HB260,OCCOCCOCCOCCOCCOCCOCCOCCO,CC(C)OCC(C)OCC(C)O,45232.8,5596.500000000001,7266.897,370.4390000000002,176.256,0.9132632308859374,1.4982274018082817,1.575366101639432
PEG 400,Ucon LB250,OCCOCCOCCOCCOCCOCCOCCOCCO,CC(C)OCC(C)OCC(C)O,45232.8,10605.0,18693.774,370.4390000000002,176.256,0.9132632308859374,1.2206332370522115,1.165018118301297
Propylene glycol,Propylene oxide,CC(O)CO,CC1CO1,45894.8,627.07,3581.55,76.095,58.08,0.21959263974080165,1.9667105837403391,1.2725705898177566
Propylene glycol,Tergitol XD,CC(O)CO,CCCCCCCCCCCCCOCCOCCOCCO,45894.8,5999.6,12673.464000000002,76.095,332.5250000000001,0.21959263974080165,1.7437020056790038,1.207394288275678
Propylene glycol,Tetrachloroethylene,CC(O)CO,ClC(Cl)=C(Cl)Cl,45894.8,12976.0,10657.251000000002,76.095,165.834,0.21959263974080165,1.1065327393989566,1.0550127402264329
Propylene glycol,Toluene,CC(O)CO,Cc1ccccc1,45894.8,6762.6,15025.1365,76.095,92.14099999999999,0.21959263974080165,1.1343392211439922,0.748070512136774
Propylene glycol,Ucon 50HB260,CC(O)CO,CC(C)OCC(C)OCC(C)O,45894.8,5596.500000000001,13784.288000000002,76.095,176.256,0.21959263974080165,1.4982274018082817,0.9615906959999982
Propylene glycol,Ucon LB250,CC(O)CO,CC(C)OCC(C)OCC(C)O,45894.8,10605.0,18854.311000000005,76.095,176.256,0.21959263974080165,1.2206332370522115,0.8255643679537127
Propylene oxide,Tergitol XD,CC1CO1,CCCCCCCCCCCCCOCCOCCOCCO,627.07,5999.6,3102.0635,58.08,332.5250000000001,1.9667105837403391,1.7437020056790038,1.7990571188943916
Propylene oxide,Tetrachloroethylene,CC1CO1,ClC(Cl)=C(Cl)Cl,627.07,12976.0,2514.4935,58.08,165.834,1.9667105837403391,1.1065327393989566,1.6486007352929812
Propylene oxide,Toluene,CC1CO1,Cc1ccccc1,627.07,6762.6,1600.0020000000002,58.08,92.14099999999999,1.9667105837403391,1.1343392211439922,1.6715801275032274
Propylene oxide,Ucon 50HB260,CC1CO1,CC(C)OCC(C)OCC(C)O,627.07,5596.500000000001,1914.727,58.08,176.256,1.9667105837403391,1.4982274018082817,1.7867021553786908
Propylene oxide,Ucon LB250,CC1CO1,CC(C)OCC(C)OCC(C)O,627.07,10605.0,2707.9165000000003,58.08,176.256,1.9667105837403391,1.2206332370522115,1.6361737482672378
Tergitol XD,Tetrachloroethylene,CCCCCCCCCCCCCOCCOCCOCCO,ClC(Cl)=C(Cl)Cl,5999.6,12976.0,13269.195000000002,332.5250000000001,165.834,1.7437020056790038,1.1065327393989566,1.2736677336513225
Tergitol XD,Toluene,CCCCCCCCCCCCCOCCOCCOCCO,Cc1ccccc1,5999.6,6762.6,8778.448500000002,332.5250000000001,92.14099999999999,1.7437020056790038,1.1343392211439922,1.3835997302047771
Tergitol XD,Ucon 50HB260,CCCCCCCCCCCCCOCCOCCOCCO,CC(C)OCC(C)OCC(C)O,5999.6,5596.500000000001,5171.6100000000015,332.5250000000001,176.256,1.7437020056790038,1.4982274018082817,1.6918751223660147
Tergitol XD,Ucon LB250,CCCCCCCCCCCCCOCCOCCOCCO,CC(C)OCC(C)OCC(C)O,5999.6,10605.0,6273.030000000001,332.5250000000001,176.256,1.7437020056790038,1.2206332370522115,1.6080235244131549
Tetrachloroethylene,Toluene,ClC(Cl)=C(Cl)Cl,Cc1ccccc1,12976.0,6762.6,5682.387,165.834,92.14099999999999,1.1065327393989566,1.1343392211439922,1.3560168173627596
Tetrachloroethylene,Ucon 50HB260,ClC(Cl)=C(Cl)Cl,CC(C)OCC(C)OCC(C)O,12976.0,5596.500000000001,6426.16,165.834,176.256,1.1065327393989566,1.4982274018082817,1.425158848865089
Tetrachloroethylene,Ucon LB250,ClC(Cl)=C(Cl)Cl,CC(C)OCC(C)OCC(C)O,12976.0,10605.0,10195.016,165.834,176.256,1.1065327393989566,1.2206332370522115,1.2247224716844693
Toluene,Ucon 50HB260,Cc1ccccc1,CC(C)OCC(C)OCC(C)O,6762.6,5596.500000000001,9484.3575,92.14099999999999,176.256,1.1343392211439922,1.4982274018082817,1.1507397457891178
Toluene,Ucon LB250,Cc1ccccc1,CC(C)OCC(C)OCC(C)O,6762.6,10605.0,8975.394000000002,92.14099999999999,176.256,1.1343392211439922,1.2206332370522115,1.174694139306946
Ucon 50HB260,Ucon LB250,CC(C)OCC(C)OCC(C)O,CC(C)OCC(C)OCC(C)O,5596.500000000001,10605.0,6912.150000000001,176.256,176.256,1.4982274018082817,1.2206332370522115,1.406530755742775
